temp,finalEnergy,err
0.5,-0.972972,0.000699465
0.6,-0.935087,0.00062072
0.7,-0.891558,0.000475999
0.8,-0.848125,0.000343322
0.9,-0.80457,0.000290356
1,-0.761684,0.000251008
1.1,-0.721204,0.000228865
1.2,-0.682691,0.000204371
1.3,-0.6467,0.000225597
1.4,-0.613568,0.000212406
1.5,-0.582778,0.000211243
1.6,-0.554703,0.000205094
1.7,-0.528526,0.000194906
1.8,-0.504533,0.000172832
1.9,-0.482534,0.000171475
2,-0.462078,0.000175737
